Date,Open,High,Low,Close,Volume,Dividends,Stock Splits
2024-01-10 00:00:00-05:00,127.01240732511492,128.1575199786823,126.70703618501835,127.50861358642578,614000,0.0,0.0
2024-01-11 00:00:00-05:00,127.2223447846935,127.46091052463399,124.48360018876662,125.51420593261719,878600,0.0,0.0
2024-01-12 00:00:00-05:00,126.24898899507032,126.96468619508671,125.69551474641669,126.1631088256836,673200,0.0,0.0
2024-01-16 00:00:00-05:00,125.39970520641735,126.69750347797928,124.35001007467683,124.44544219970703,800800,0.0,0.0
2024-01-17 00:00:00-05:00,123.06178089158608,124.90350176181164,121.620834231791,122.54647064208984,1301200,0.0,0.0
2024-01-18 00:00:00-05:00,122.1361250448846,122.25063923120307,119.67413192285609,120.07492065429688,1083300,0.0,0.0
2024-01-19 00:00:00-05:00,120.28485773326884,120.475707426914,118.786665068762,119.56916046142578,1301200,0.0,0.0
2024-01-22 00:00:00-05:00,119.68367437954333,121.80213959322414,119.56916746882516,121.05781555175781,1137000,0.0,0.0
2024-01-23 00:00:00-05:00,121.62081273570482,122.16474961837844,119.90314375625971,120.48524475097656,1247800,0.0,0.0
2024-01-24 00:00:00-05:00,121.31545107398277,121.4681366467166,115.82843889160308,116.36283111572266,1279600,0.0,0.0
2024-01-25 00:00:00-05:00,117.41252259893575,118.31906955378327,116.63957188416158,118.30953216552734,1196300,0.0,0.0
2024-01-26 00:00:00-05:00,118.90117239027711,119.27333439050638,117.31709954220241,117.52703857421875,749000,0.0,0.0
2024-01-29 00:00:00-05:00,118.77712536910938,120.5711373179553,116.79225643818447,119.99858093261719,1252100,0.0,0.0
2024-01-30 00:00:00-05:00,119.3115025924516,119.74092531384261,118.29044146624706,118.71031951904297,1056900,0.0,0.0
2024-01-31 00:00:00-05:00,119.76955923404104,120.79062042158333,117.51749781994693,118.34770202636719,1607700,0.0,0.0
2024-02-01 00:00:00-05:00,118.19502147280774,119.6264160419629,117.29801187972674,119.51190185546875,1148400,0.0,0.0
2024-02-02 00:00:00-05:00,117.63200804377439,119.244714997577,116.67774495261537,117.7178955078125,1201200,0.0,0.0
2024-02-05 00:00:00-05:00,116.37237716892213,116.91630682150266,115.63759781666221,115.96204376220703,1205800,0.0,0.0
2024-02-06 00:00:00-05:00,115.80934907683535,117.26937018615965,115.09365188360199,116.91629028320312,1375800,0.0,0.0
2024-02-07 00:00:00-05:00,117.44228484974884,118.0565623117285,116.49207554493107,117.04875946044922,1372600,0.708,0.0
2024-02-08 00:00:00-05:00,116.73203463268463,117.10635975380823,115.70503875525942,116.93359375,1269200,0.0,0.0
2024-02-09 00:00:00-05:00,116.5400613504921,117.691837081077,116.1849365415095,117.28871154785156,1231200,0.0,0.0
2024-02-12 00:00:00-05:00,117.25033108400748,118.87240414637175,116.66484670793463,118.67084503173828,1301900,0.0,0.0
2024-02-13 00:00:00-05:00,116.82801329969196,117.43269064739943,114.1981373248374,114.96598052978516,1789700,0.0,0.0
2024-02-14 00:00:00-05:00,115.17713613383862,116.10815248922957,114.44767888795008,115.63784790039062,1462600,0.0,0.0
2024-02-15 00:00:00-05:00,117.40390491815731,119.34271700456381,115.76263145163965,119.26593780517578,1749500,0.0,0.0
2024-02-16 00:00:00-05:00,117.28871219500398,118.23892882560156,115.99297089836591,117.88379669189453,2007900,0.0,0.0
2024-02-20 00:00:00-05:00,117.18313549785076,118.27732503825582,115.64744179965136,116.29051971435547,2187500,0.0,0.0
2024-02-21 00:00:00-05:00,116.26172439719971,117.0967613149032,115.570667694661,116.83761596679688,2828400,0.0,0.0
2024-02-22 00:00:00-05:00,116.54966939342299,116.78962177154312,113.07515632204786,114.87000274658203,2401400,0.0,0.0
2024-02-23 00:00:00-05:00,114.72602328782723,115.08115542331156,113.56465472293854,114.1789321899414,1672000,0.0,0.0
2024-02-26 00:00:00-05:00,114.05416105282801,114.05416105282801,112.00976219560171,112.7104263305664,1944000,0.0,0.0
2024-02-27 00:00:00-05:00,112.61444460222523,113.56465390799451,112.32649883792425,113.28630828857422,1464400,0.0,0.0
2024-02-28 00:00:00-05:00,113.46868118225412,114.4188905445892,112.73922390596148,113.171142578125,1443700,0.0,0.0
2024-02-29 00:00:00-05:00,114.01576259820962,114.6108470785507,112.72961415947623,113.77581024169922,2159100,0.0,0.0
2024-03-01 00:00:00-05:00,113.43028847786123,115.53227365347855,112.15374006879838,114.87000274658203,1789500,0.0,0.0
2024-03-04 00:00:00-05:00,114.13093799165392,116.98156572662944,114.05415148304976,116.80879974365234,1274000,0.0,0.0
2024-03-05 00:00:00-05:00,116.97198413053194,117.49028212920255,113.80460991291095,114.46688079833984,1479100,0.0,0.0
2024-03-06 00:00:00-05:00,115.3211047088879,116.06015474944431,114.56285437894493,115.47467041015625,1313700,0.0,0.0
2024-03-07 00:00:00-05:00,114.75481070020756,115.58024737851287,113.33429687435516,113.8429946899414,2097400,0.0,0.0
2024-03-08 00:00:00-05:00,115.1099464742454,115.1771328421594,113.10394093607339,113.6798324584961,2312700,0.0,0.0
2024-03-11 00:00:00-04:00,113.31510951582341,116.20413821955974,113.31510951582341,115.49388122558594,1574500,0.0,0.0
2024-03-12 00:00:00-04:00,114.72602278650002,115.87779852417115,113.47827489081254,114.39009094238281,1821000,0.0,0.0
2024-03-13 00:00:00-04:00,114.19813413809655,116.67443700920022,113.8909954001352,115.6954345703125,1293500,0.0,0.0
2024-03-14 00:00:00-04:00,115.29231817346862,115.80101602975454,112.7392214240329,113.71823120117188,1354800,0.0,0.0
2024-03-15 00:00:00-04:00,112.31688811167145,113.64142971535296,111.96176333495684,112.43206787109375,4764600,0.0,0.0
2024-03-18 00:00:00-04:00,112.441676622606,113.45907227904412,111.70261925790803,112.51846313476562,1394500,0.0,0.0
2024-03-19 00:00:00-04:00,113.00796244656165,113.57425382916749,112.23051913635129,113.25751495361328,1061000,0.0,0.0
2024-03-20 00:00:00-04:00,113.02717101191091,113.41109628407793,112.0097679422535,113.34390258789062,1134200,0.0,0.0
2024-03-21 00:00:00-04:00,114.19814099529081,115.34030935544878,113.31511066320958,113.4590835571289,1026000,0.0,0.0
2024-03-22 00:00:00-04:00,114.27490318958468,114.27490318958468,112.62402987350649,113.0175552368164,906000,0.0,0.0
2024-03-25 00:00:00-04:00,113.15192489126352,113.72780904284647,112.28809500250695,112.43206787109375,1083000,0.0,0.0
2024-03-26 00:00:00-04:00,112.27850590149816,113.17112892899516,111.90417350166373,113.10393524169922,1739800,0.0,0.0
2024-03-27 00:00:00-04:00,113.78542421422534,116.82801870706801,113.2287329220052,116.61685943603516,1805100,0.0,0.0
2024-03-28 00:00:00-04:00,116.79921164558999,117.46147517148088,115.5994498604977,117.29830932617188,2004200,0.0,0.0
2024-04-01 00:00:00-04:00,117.51907190725254,117.57665813121568,114.73562302571567,115.46508026123047,913900,0.0,0.0
2024-04-02 00:00:00-04:00,115.28271226834138,116.58805369079755,114.04455721368377,114.75481414794922,1183100,0.0,0.0
2024-04-03 00:00:00-04:00,114.39969900990094,114.96598311166369,113.50707586356341,114.150146484375,1101300,0.0,0.0
2024-04-04 00:00:00-04:00,115.27312461686665,116.09856140943246,114.46688811590415,115.5418701171875,1272600,0.0,0.0
2024-04-05 00:00:00-04:00,114.4476863479439,115.2059367556482,113.11355168658582,113.75662231445312,1109000,0.0,0.0
2024-04-08 00:00:00-04:00,114.06375176317798,115.61864571164644,113.87179280187989,115.19632720947266,1217000,0.0,0.0
2024-04-09 00:00:00-04:00,115.92578584408591,117.29831366996962,115.3499016304684,116.9527816772461,1492900,0.0,0.0
2024-04-10 00:00:00-04:00,114.2077244299902,114.53406345089903,112.32649878631243,113.5550537109375,2354600,0.0,0.0
2024-04-11 00:00:00-04:00,114.42849742781924,114.79322242605859,112.20173953154743,113.08476257324219,1697300,0.0,0.0
2024-04-12 00:00:00-04:00,113.13274208690646,113.13274208690646,111.30910267413637,111.8849868774414,1072100,0.0,0.0
2024-04-15 00:00:00-04:00,112.02896731503759,112.70083104374821,110.50286638444426,111.31871032714844,1862800,0.0,0.0
2024-04-16 00:00:00-04:00,110.80999298204273,110.80999298204273,108.78479454977268,109.2455062866211,2331100,0.0,0.0
2024-04-17 00:00:00-04:00,109.2647085167533,111.11714112010966,108.96716991898214,110.76201629638672,1902800,0.0,0.0
2024-04-18 00:00:00-04:00,111.45307496253139,112.84479572334264,110.46446508684699,112.63363647460938,1399800,0.0,0.0
2024-04-19 00:00:00-04:00,113.19993835215496,114.59165924204875,112.9215927096231,113.75662231445312,1874600,0.0,0.0
2024-04-22 00:00:00-04:00,113.83340302570957,114.97557865182253,112.94077991512658,114.46688079833984,1247600,0.0,0.0
2024-04-23 00:00:00-04:00,114.51486226726638,115.70503124862604,114.23651665014668,115.05236053466797,1255500,0.0,0.0
2024-04-24 00:00:00-04:00,114.01576529049831,116.77042104447945,113.40148782914777,116.48247528076172,1297900,0.0,0.0
2024-04-25 00:00:00-04:00,116.49208232372868,117.45189182926987,115.10995429246447,116.66484832763672,1404200,0.0,0.0
2024-04-26 00:00:00-04:00,116.79921134220558,117.29830902149106,115.90658828350489,115.92578125,1058500,0.0,0.0
2024-04-29 00:00:00-04:00,116.83760299126284,117.64383938273657,116.78000944703994,117.36549377441406,1686000,0.0,0.0
2024-04-30 00:00:00-04:00,116.62644920000758,118.15254272209721,116.12734418149265,117.40389251708984,1325100,0.0,0.0
2024-05-01 00:00:00-04:00,117.21193362603067,120.79201880297703,117.18313319117324,120.09136199951172,2712500,0.0,0.0
2024-05-02 00:00:00-04:00,118.75722960417889,121.02237322900577,117.48068124453086,120.88800048828125,2778800,0.0,0.0
2024-05-03 00:00:00-04:00,122.68285443986206,123.67146441178596,122.10697018356036,123.57547760009766,1735800,0.0,0.0
2024-05-06 00:00:00-04:00,124.41048266216683,125.14953995886081,123.05716261577626,125.01516723632812,1479500,0.0,0.0
2024-05-07 00:00:00-04:00,126.02297448955821,127.13635688498876,124.86159869603468,126.52207946777344,1597700,0.0,0.0
2024-05-08 00:00:00-04:00,126.1189631933288,127.6546642606923,125.92700422129106,127.5298843383789,1417900,0.0,0.0
2024-05-09 00:00:00-04:00,127.52988058637162,129.3631202032882,126.86760970362465,128.9792022705078,1308700,0.0,0.0
2024-05-10 00:00:00-04:00,129.41109818535276,130.2557351114572,129.00798001031072,130.05416870117188,1763600,0.0,0.0
2024-05-13 00:00:00-04:00,130.30997195749805,130.82155807651793,128.6497252105596,129.13235473632812,852500,0.765,0.0
2024-05-14 00:00:00-04:00,130.14588131000627,130.30997358337285,128.24431977645787,128.50494384765625,1060900,0.0,0.0
2024-05-15 00:00:00-04:00,130.0686525719188,130.41614640726942,128.45667178058457,129.1033935546875,1281700,0.0,0.0
2024-05-16 00:00:00-04:00,128.7752080829963,129.93351594947558,128.46631812997057,129.60533142089844,1248200,0.0,0.0
2024-05-17 00:00:00-04:00,129.47985554063445,129.47985554063445,128.51459643723663,129.11305236816406,924200,0.0,0.0
2024-05-20 00:00:00-04:00,129.15167772255012,129.32541730046273,127.86788128056999,128.92967224121094,914000,0.0,0.0
2024-05-21 00:00:00-04:00,128.94896132504212,129.71152427210532,128.20572241294911,129.6922149658203,716000,0.0,0.0
2024-05-22 00:00:00-04:00,129.4508873900381,129.91420759427768,128.53389426940512,129.1033935546875,1495400,0.0,0.0
2024-05-23 00:00:00-04:00,128.22501331266898,128.22501331266898,123.93926061880798,124.13232421875,1031800,0.0,0.0
2024-05-24 00:00:00-04:00,124.21920269272815,124.45085546297094,123.15741173349602,123.77517700195312,830800,0.0,0.0
2024-05-28 00:00:00-04:00,123.60143309462205,124.48946971637915,121.64195089762354,121.85430908203125,1164600,0.0,0.0
2024-05-29 00:00:00-04:00,120.67667592050668,120.93729997233693,119.38323240631458,119.79829406738281,987800,0.0,0.0
2024-05-30 00:00:00-04:00,120.25198387666899,121.97014394539954,119.79831090842924,121.8929214477539,886800,0.0,0.0
2024-05-31 00:00:00-04:00,122.46240958241255,126.39101334088677,122.23074212462431,126.22692108154297,3003100,0.0,0.0
2024-06-03 00:00:00-04:00,126.57441490388372,127.62654365839096,125.49331482955517,126.22692108154297,1186000,0.0,0.0
2024-06-04 00:00:00-04:00,126.22693492022294,128.53390354880818,125.7153487824515,128.20571899414062,1134800,0.0,0.0
2024-06-05 00:00:00-04:00,128.01265442413379,128.01265442413379,126.5551185162556,127.10530853271484,861100,0.0,0.0
2024-06-06 00:00:00-04:00,126.54545771612636,127.56862987467156,125.60915533058599,126.08212280273438,797800,0.0,0.0
2024-06-07 00:00:00-04:00,124.77904008444648,125.05895872511056,123.69793994535762,123.79447174072266,1096100,0.0,0.0
2024-06-10 00:00:00-04:00,123.55316149866569,124.37363760321661,122.90643968638827,124.09370422363281,1185300,0.0,0.0
2024-06-11 00:00:00-04:00,123.0898241881745,124.39292236264347,122.6844171764449,123.4759292602539,1050500,0.0,0.0
2024-06-12 00:00:00-04:00,126.03388440020825,126.33311235664955,123.60142740895816,123.67864990234375,846700,0.0,0.0
2024-06-13 00:00:00-04:00,123.64969608090637,125.41610726522694,122.77130676872001,124.73078155517578,947200,0.0,0.0
2024-06-14 00:00:00-04:00,123.94891868811233,125.18444909922754,123.01261622721785,124.80799865722656,953800,0.0,0.0
2024-06-17 00:00:00-04:00,123.82342971866647,125.51263305566118,122.93539316037422,124.2481460571289,781900,0.0,0.0
2024-06-18 00:00:00-04:00,123.73657298383623,126.11110224839429,123.67865979133761,125.93736267089844,1085200,0.0,0.0
2024-06-20 00:00:00-04:00,125.96631715299519,126.44894672063118,124.9527921152225,125.73464965820312,1061600,0.0,0.0
2024-06-21 00:00:00-04:00,125.75394365838633,127.1149624083435,124.96243892272037,126.0049057006836,1951000,0.0,0.0
2024-06-24 00:00:00-04:00,126.28484549817819,128.71730247095596,126.14970981795078,127.58793640136719,802100,0.0,0.0
2024-06-25 00:00:00-04:00,127.70378138627147,127.75204728682348,124.73078160222424,124.87556457519531,777600,0.0,0.0
2024-06-26 00:00:00-04:00,123.92961688721755,125.24236986960318,123.67865482024867,125.07827758789062,691100,0.0,0.0
2024-06-27 00:00:00-04:00,124.80800169901823,124.97209397479385,123.53386001095983,124.77904510498047,662100,0.0,0.0
2024-06-28 00:00:00-04:00,125.24236614595085,125.4064584227847,123.81378682569736,124.67286682128906,1201900,0.0,0.0
2024-07-01 00:00:00-04:00,124.98174212467518,126.410336174247,122.78095259052749,123.32150268554688,767300,0.0,0.0
2024-07-02 00:00:00-04:00,123.63038159913933,125.29062835293782,123.36011024188694,123.99718475341797,665400,0.0,0.0
2024-07-03 00:00:00-04:00,124.1323218330747,125.36785225979743,123.40837016891753,123.5145492553711,402700,0.0,0.0
2024-07-05 00:00:00-04:00,124.16128434948465,125.65742419085643,122.79061081288472,125.49333190917969,713900,0.0,0.0
2024-07-08 00:00:00-04:00,125.8215250506384,126.2655359726036,125.1651412273325,125.40645599365234,874600,0.0,0.0
2024-07-09 00:00:00-04:00,125.03964425396529,126.74815680628303,124.39292249205597,126.17865753173828,698200,0.0,0.0
2024-07-10 00:00:00-04:00,126.68061806337394,127.84857340446604,126.31381486764948,127.63621520996094,682000,0.0,0.0
2024-07-11 00:00:00-04:00,128.82346986501594,132.4528383250557,128.61111171126373,131.48757934570312,1251000,0.0,0.0
2024-07-12 00:00:00-04:00,132.19223852295087,135.86022626299996,131.99918963740848,134.2482452392578,1207400,0.0,0.0
2024-07-15 00:00:00-04:00,133.4470453542959,133.746273262154,131.49721821676994,131.59375,794700,0.0,0.0
2024-07-16 00:00:00-04:00,132.4818192156074,134.38338093200608,132.06676484812553,134.2482452392578,670100,0.0,0.0
2024-07-17 00:00:00-04:00,134.7212255857365,138.47608306083723,134.24824330359436,137.57838439941406,1190600,0.0,0.0
2024-07-18 00:00:00-04:00,136.81581198216682,139.24825398675168,135.63819485813065,136.43936157226562,835200,0.0,0.0
2024-07-19 00:00:00-04:00,136.58415071696635,137.17295930567093,135.49340331608315,136.25596618652344,855900,0.0,0.0
2024-07-22 00:00:00-04:00,136.01465357219715,137.3080971386543,135.66715973194317,136.8737335205078,545900,0.0,0.0
2024-07-23 00:00:00-04:00,136.3911104248893,136.88338725146846,135.36793816061612,135.6092529296875,573600,0.0,0.0
2024-07-24 00:00:00-04:00,136.20770318333447,138.42780191226618,135.85056205312983,137.452880859375,987000,0.0,0.0
2024-07-25 00:00:00-04:00,138.03204879239922,139.2868885453398,134.46059313301814,135.23280334472656,1009100,0.0,0.0
2024-07-26 00:00:00-04:00,136.1883794211864,137.40461510400817,135.49339181062606,136.78684997558594,645000,0.0,0.0
2024-07-29 00:00:00-04:00,137.05713830259867,137.0667855908069,135.03973568707477,136.4490203857422,748300,0.0,0.0
2024-07-30 00:00:00-04:00,136.51658630436728,138.92008674564312,136.51658630436728,138.67877197265625,848200,0.0,0.0
2024-07-31 00:00:00-04:00,136.75790750952362,138.02240935154379,136.43938495544248,137.41429138183594,1124000,0.0,0.0
2024-08-01 00:00:00-04:00,138.02241390798832,140.41625252360265,137.19229043331833,139.47994995117188,1109100,0.0,0.0
2024-08-02 00:00:00-04:00,141.9702872160358,143.01276864274126,139.02624449182355,142.2309112548828,1210500,0.0,0.0
2024-08-05 00:00:00-04:00,143.8139743889531,143.8236216786849,137.74248573579513,137.7617950439453,1299200,0.0,0.0
2024-08-06 00:00:00-04:00,139.14208675147384,140.5899753325659,137.98377883233704,138.6112060546875,1132200,0.0,0.0
2024-08-07 00:00:00-04:00,138.89113324324742,141.31392831564665,138.64017117608057,138.7946014404297,797400,0.0,0.0
2024-08-08 00:00:00-04:00,138.44710253443182,141.49732475682416,138.18649318793695,139.68264770507812,1188200,0.0,0.0
2024-08-09 00:00:00-04:00,139.817758593988,139.97218882533565,135.39687103174103,137.3370361328125,1057100,0.0,0.0
2024-08-12 00:00:00-04:00,137.17296668757683,137.81968849543517,136.18839831458033,137.60733032226562,676700,0.0,0.0
2024-08-13 00:00:00-04:00,138.26238493472653,138.50500159744513,137.03960228555732,137.2142791748047,873200,0.765,0.0
2024-08-14 00:00:00-04:00,136.83581200249662,138.58265511734947,136.03032282153262,137.48602294921875,562400,0.0,0.0
2024-08-15 00:00:00-04:00,137.11723747399077,138.77674209434,136.43791372606748,137.83538818359375,883700,0.0,0.0
2024-08-16 00:00:00-04:00,137.9712487315856,138.4855948970748,136.49613520376823,136.81639099121094,643700,0.0,0.0
2024-08-19 00:00:00-04:00,137.00078148808623,137.8742103980401,136.9037437035224,137.38897705078125,457900,0.0,0.0
2024-08-20 00:00:00-04:00,137.5442610680332,137.91304320579016,136.78729811758902,137.0978546142578,520600,0.0,0.0
2024-08-21 00:00:00-04:00,136.92313623256936,137.21427918949203,135.89444395183574,136.6125946044922,632900,0.0,0.0
2024-08-22 00:00:00-04:00,136.51556312240325,136.981383040611,134.7881334012408,135.884765625,771800,0.0,0.0
2024-08-23 00:00:00-04:00,136.27293395996094,136.98137051363685,135.42863265889312,136.27293395996094,521400,0.0,0.0
2024-08-26 00:00:00-04:00,137.02990772696518,138.04890081765305,136.3602832728518,136.89404296875,418800,0.0,0.0
2024-08-27 00:00:00-04:00,136.3602743467699,137.53454560087872,135.56449933164293,136.0303192138672,553100,0.0,0.0
2024-08-28 00:00:00-04:00,136.67082777609352,139.10669387353377,135.68094759119072,137.58306884765625,983100,0.0,0.0
2024-08-29 00:00:00-04:00,137.67040394852765,138.2041635846664,136.57377186047412,137.631591796875,811200,0.0,0.0
2024-08-30 00:00:00-04:00,137.9906615592485,139.27166989481458,136.89402945665935,138.8931884765625,1833500,0.0,0.0
2024-09-03 00:00:00-04:00,138.63118496996765,140.95059997387298,138.31092915669018,139.24256896972656,914400,0.0,0.0
2024-09-04 00:00:00-04:00,139.57253549201184,141.4067170624307,138.76704631023088,139.8927764892578,832600,0.0,0.0
2024-09-05 00:00:00-04:00,140.79531486725793,141.09615718404473,139.70839686902247,140.2421417236328,702500,0.0,0.0
2024-09-06 00:00:00-04:00,140.63033399249326,141.26113142845787,139.3201980154631,139.68898010253906,871900,0.0,0.0
2024-09-09 00:00:00-04:00,139.79572385923186,141.74635649431238,139.37841549960015,141.6978302001953,837700,0.0,0.0
2024-09-10 00:00:00-04:00,142.1054356415132,144.1628351710599,141.54257797136006,143.8231658935547,958100,0.0,0.0
2024-09-11 00:00:00-04:00,143.3864560910787,143.60965928761283,140.47505596740197,142.69741821289062,1052700,0.0,0.0
2024-09-12 00:00:00-04:00,142.55185743404786,143.36704593361665,141.17379645387766,142.78477478027344,706800,0.0,0.0
2024-09-13 00:00:00-04:00,143.17296303151636,143.81347466100001,142.2704360330013,143.7552490234375,738100,0.0,0.0
2024-09-16 00:00:00-04:00,144.54132555371856,145.35651410044056,144.13373128035758,144.6868896484375,714200,0.0,0.0
2024-09-17 00:00:00-04:00,144.68690089568645,146.2299396522473,144.43458484251047,145.4729766845703,1028000,0.0,0.0
2024-09-18 00:00:00-04:00,145.06536633268527,145.72529142605615,143.735831617478,144.54132080078125,1183200,0.0,0.0
2024-09-19 00:00:00-04:00,143.84258306016247,144.8712754472213,142.8041765283764,144.67718505859375,1190600,0.0,0.0
2024-09-20 00:00:00-04:00,144.6771901550927,144.72571645599587,141.43583464557287,142.88182067871094,3350400,0.0,0.0
2024-09-23 00:00:00-04:00,143.52231696693795,144.69658816740105,142.804166291534,143.18264770507812,814900,0.0,0.0
2024-09-24 00:00:00-04:00,142.15395941588883,143.61937362397987,140.5818080856078,140.75648498535156,1838800,0.0,0.0
2024-09-25 00:00:00-04:00,141.39700195565626,141.69784427766606,139.15522614130214,139.86366271972656,1082300,0.0,0.0
2024-09-26 00:00:00-04:00,139.02905512917116,139.91218338659345,138.3594455401108,138.951416015625,938600,0.0,0.0
2024-09-27 00:00:00-04:00,140.08686163341252,141.3484563849094,139.88305712891875,140.64971923828125,796600,0.0,0.0
2024-09-30 00:00:00-04:00,140.95058435625455,141.95986317657173,139.3007791722063,141.92105102539062,1791100,0.0,0.0
2024-10-01 00:00:00-04:00,142.14425042173838,142.86240106867717,140.88264082388193,141.3678741455078,1003900,0.0,0.0
2024-10-02 00:00:00-04:00,140.32948675890955,142.63918736979093,140.0092309800249,141.78518676757812,1324500,0.0,0.0
2024-10-03 00:00:00-04:00,141.57169167650082,141.93075962892075,140.22274351064416,140.40711975097656,847400,0.0,0.0
2024-10-04 00:00:00-04:00,139.10670002762697,139.88307638722816,137.52484929879984,138.3594512939453,853600,0.0,0.0
2024-10-07 00:00:00-04:00,137.85481955486887,137.85481955486887,131.6923491094898,132.9442596435547,1689100,0.0,0.0
2024-10-08 00:00:00-04:00,133.66236782743613,134.3416915221752,133.1383223509648,133.33241271972656,918700,0.0,0.0
2024-10-09 00:00:00-04:00,132.84719526944727,133.73032358221792,131.49824705435213,132.1581573486328,857900,0.0,0.0
2024-10-10 00:00:00-04:00,129.65434271481703,132.7404193718562,129.65434271481703,132.19696044921875,876300,0.0,0.0
2024-10-11 00:00:00-04:00,132.95393926634748,134.88517335012727,132.62398413891177,134.76870727539062,689300,0.0,0.0
2024-10-14 00:00:00-04:00,135.12779366846522,136.56408029164353,134.87546283985944,136.2244110107422,597700,0.0,0.0
2024-10-15 00:00:00-04:00,136.25351566376796,138.45647916904144,136.1758913606991,137.02989196777344,833600,0.0,0.0
2024-10-16 00:00:00-04:00,137.1366589214349,138.6214719167762,137.10754610255745,138.36915588378906,651600,0.0,0.0
2024-10-17 00:00:00-04:00,138.07800453628352,138.29150840057125,136.0885447871371,136.6320037841797,585700,0.0,0.0
2024-10-18 00:00:00-04:00,136.8455008645374,138.0003585800759,134.98220662069866,137.7674560546875,818500,0.0,0.0
2024-10-21 00:00:00-04:00,137.74805319616118,138.57294105076002,136.54466909232895,136.88433837890625,564900,0.0,0.0
2024-10-22 00:00:00-04:00,135.47716979842573,136.82611804411184,134.82694401799785,136.59320068359375,888700,0.0,0.0
2024-10-23 00:00:00-04:00,137.07842816000385,138.45648916523646,136.9037512532682,137.9227294921875,1290000,0.0,0.0
2024-10-24 00:00:00-04:00,138.18477016292843,138.74764269654682,135.61303900843362,135.6712646484375,712500,0.0,0.0
2024-10-25 00:00:00-04:00,136.1176720322556,136.1176720322556,133.507128702478,133.59446716308594,592200,0.0,0.0
2024-10-28 00:00:00-04:00,134.78810788283855,135.76827383536732,134.09907006897993,134.69105529785156,564800,0.0,0.0
2024-10-29 00:00:00-04:00,133.45858686998392,134.05057215880092,131.74085663716298,131.7893829345703,1054600,0.0,0.0
2024-10-30 00:00:00-04:00,132.22610676541566,132.86661843287723,131.52736945693917,131.68264770507812,1329800,0.0,0.0
2024-10-31 00:00:00-04:00,133.769128288235,135.85564060798026,131.01300637475103,134.03115844726562,1544600,0.0,0.0
2024-11-01 00:00:00-04:00,134.2640619382728,134.78810739412438,131.9543466588948,131.98345947265625,1044400,0.0,0.0
2024-11-04 00:00:00-05:00,132.42016888639063,132.42988302991733,130.04252860120664,131.30413818359375,1569000,0.0,0.0
2024-11-05 00:00:00-05:00,131.65351051022006,133.08009768356192,130.56657778263107,133.06068420410156,911400,0.0,0.0
2024-11-06 00:00:00-05:00,129.79022696261362,131.60499502534674,127.62607547348091,129.63494873046875,2141200,0.0,0.0
2024-11-07 00:00:00-05:00,129.84844837768637,130.65393752159468,128.77122974042908,128.9167938232422,1260100,0.0,0.0
2024-11-08 00:00:00-05:00,129.79992740610447,132.30373339024288,129.55731071936407,132.07081604003906,1076000,0.0,0.0
2024-11-11 00:00:00-05:00,131.3138557186412,132.50752569436247,130.52778000760165,130.78981018066406,926800,0.0,0.0
2024-11-12 00:00:00-05:00,130.65804639317025,130.65804639317025,129.05739558153857,129.25259399414062,932800,0.765,0.0
2024-11-13 00:00:00-05:00,130.17003891152956,130.75564902400768,128.5889124575959,129.26235961914062,1260300,0.0,0.0
2024-11-14 00:00:00-05:00,129.70155346949076,130.209081216189,128.72554659113123,128.85243225097656,980600,0.0,0.0
2024-11-15 00:00:00-05:00,129.05737062141029,131.15579410592198,128.58889154323393,131.00938415527344,1590400,0.0,0.0
2024-11-18 00:00:00-05:00,130.26763495256046,133.60557657941263,129.98458462726276,133.39085388183594,1372300,0.0,0.0
2024-11-19 00:00:00-05:00,134.7279905897844,135.0793536816619,132.92238669785388,134.8841552734375,1585000,0.0,0.0
2024-11-20 00:00:00-05:00,135.30383920121236,135.83087636620712,134.2985533013147,134.5815887451172,1096500,0.0,0.0
2024-11-21 00:00:00-05:00,135.09885844867426,135.74302650605344,133.42012557393673,135.45997619628906,953000,0.0,0.0
2024-11-22 00:00:00-05:00,135.65520223986505,136.35792838812927,133.74222219343844,134.0155029296875,1207700,0.0,0.0
2024-11-25 00:00:00-05:00,134.94270243640628,136.02607064136808,133.0980500758154,133.4591827392578,4339200,0.0,0.0
2024-11-26 00:00:00-05:00,133.4787003153383,134.35711547432544,131.8585401551048,134.28878784179688,1332800,0.0,0.0
2024-11-27 00:00:00-05:00,135.0403041740153,136.1431966459723,134.61085879050344,134.9915008544922,746600,0.0,0.0
2024-11-29 00:00:00-05:00,134.41565727921886,135.25502372037715,133.488453800571,133.6543731689453,593800,0.0,0.0
2024-12-02 00:00:00-05:00,134.15216166513986,134.23024401371347,131.79022646835742,132.3465576171875,1000000,0.0,0.0
2024-12-03 00:00:00-05:00,132.87358546533827,133.5275083341652,130.86301353286177,130.88253784179688,1455800,0.0,0.0
2024-12-04 00:00:00-05:00,130.7751646096238,131.10700336797495,127.28105826164834,127.86665344238281,1876600,0.0,0.0
2024-12-05 00:00:00-05:00,128.06188112554088,129.3697268914955,127.05658024486453,128.93052673339844,1050100,0.0,0.0
2024-12-06 00:00:00-05:00,128.66697838308724,129.59418186564596,127.95449758819667,129.1940155029297,1308000,0.0,0.0
2024-12-09 00:00:00-05:00,128.80362674129483,129.62346893095108,127.40792918474597,127.5836181640625,1229400,0.0,0.0
2024-12-10 00:00:00-05:00,127.58361540895312,128.62793498431733,125.6706354483823,127.83737182617188,838100,0.0,0.0
2024-12-11 00:00:00-05:00,127.69098678799186,128.4327466838348,126.89065396725182,127.21273803710938,822500,0.0,0.0
2024-12-12 00:00:00-05:00,127.26154466550662,128.65724233779142,126.50026044160002,127.41770935058594,739200,0.0,0.0
2024-12-13 00:00:00-05:00,127.10537195762018,127.39817700049122,126.22697172169016,126.48072814941406,747800,0.0,0.0
2024-12-16 00:00:00-05:00,126.36360857453296,127.7983398412792,125.63160343405765,125.81704711914062,856400,0.0,0.0
2024-12-17 00:00:00-05:00,125.18264182961326,128.02282553270305,125.1240837974149,126.08056640625,1114100,0.0,0.0
2024-12-18 00:00:00-05:00,125.11432219284673,125.67063836074861,121.4152552872726,121.44453430175781,1750000,0.0,0.0
2024-12-19 00:00:00-05:00,120.90772837081064,122.44005885880495,120.85893249511719,120.85893249511719,1368600,0.0,0.0
2024-12-20 00:00:00-05:00,119.76579972633947,123.27942289872585,119.76579972633947,122.8987808227539,3327600,0.0,0.0
2024-12-23 00:00:00-05:00,122.29365911111184,123.01590208230634,121.22004563811045,122.95734405517578,956200,0.0,0.0
2024-12-24 00:00:00-05:00,122.22534494831444,123.21110653647054,121.72757935417421,122.71334838867188,470100,0.0,0.0
2024-12-26 00:00:00-05:00,122.15701928610329,123.56246406779003,121.81541093610006,123.13302612304688,643700,0.0,0.0
2024-12-27 00:00:00-05:00,122.51814459962152,123.53319266615055,121.75686041131016,122.28390502929688,703800,0.0,0.0
2024-12-30 00:00:00-05:00,121.56165379003473,121.88373038507312,120.4490065983064,121.25908660888672,793200,0.0,0.0
2024-12-31 00:00:00-05:00,121.54213870394574,122.13750351178004,120.87845371060628,121.50309753417969,1016000,0.0,0.0
2025-01-02 00:00:00-05:00,122.59622617052672,122.75238340098436,120.71253257309975,120.88821411132812,719100,0.0,0.0
2025-01-03 00:00:00-05:00,121.07364979963329,122.11797680608092,120.68324557978515,120.80036163330078,728500,0.0,0.0
2025-01-06 00:00:00-05:00,119.99028404553555,120.08788324087986,117.843064516254,119.0435562133789,1044300,0.0,0.0
2025-01-07 00:00:00-05:00,119.39491731774807,120.28307966107508,118.31154914058901,118.71170806884766,759100,0.0,0.0
2025-01-08 00:00:00-05:00,117.98946469829475,119.76579682524948,116.83777634479613,119.66819763183594,972700,0.0,0.0
2025-01-10 00:00:00-05:00,118.82883273919761,119.88292191324628,118.0187452750857,118.21395111083984,1309000,0.0,0.0
2025-01-13 00:00:00-05:00,118.45796098261602,118.94596443611331,115.89105805156153,118.10659790039062,1548100,0.0,0.0
2025-01-14 00:00:00-05:00,118.24323574425438,119.79508311896151,118.13587439107243,119.58036041259766,773300,0.0,0.0
2025-01-15 00:00:00-05:00,121.61045868063499,122.03014194697228,119.71701035145385,120.56613159179688,1278900,0.0,0.0
2025-01-16 00:00:00-05:00,120.2830876193388,123.36727298087291,119.85364964917783,123.32823181152344,970600,0.0,0.0
2025-01-17 00:00:00-05:00,123.04519462504332,124.38232681349491,122.82070975245814,123.5624771118164,1003200,0.0,0.0
2025-01-21 00:00:00-05:00,124.1285545490503,125.30952197318037,122.97686613972934,123.2989501953125,1036100,0.0,0.0
2025-01-22 00:00:00-05:00,122.93782141465567,123.75767103730016,118.58483177555034,118.76051330566406,1289400,0.0,0.0
2025-01-23 00:00:00-05:00,118.77028170410696,118.97524225895971,117.73570932955383,118.88739776611328,1202000,0.0,0.0
2025-01-24 00:00:00-05:00,118.5848298616127,119.4925165114935,118.38963147412183,118.71170806884766,786300,0.0,0.0
2025-01-27 00:00:00-05:00,119.77556664551541,127.09561831521681,119.64868098424861,126.83209228515625,2271400,0.0,0.0
2025-01-28 00:00:00-05:00,125.07527496202452,125.6999187657571,122.68406109895528,123.2989501953125,1417900,0.0,0.0
2025-01-29 00:00:00-05:00,123.50391660462428,124.0016822190187,120.50757565676147,121.26885986328125,890500,0.0,0.0
2025-01-30 00:00:00-05:00,122.13749436430224,122.96709868225798,119.94147899223879,120.69300842285156,1646100,0.0,0.0
2025-01-31 00:00:00-05:00,120.69300783566216,121.96181224332119,120.37092379553796,121.64949035644531,1073000,0.0,0.0
2025-02-03 00:00:00-05:00,121.35668700242886,123.41606203208163,120.5368448304574,122.74262237548828,1112000,0.0,0.0
2025-02-04 00:00:00-05:00,121.75686383708222,121.92278322713294,120.30261560448479,120.87845611572266,1353400,0.0,0.0
2025-02-05 00:00:00-05:00,121.73734889826854,122.0008674956687,120.14645282046614,120.64421844482422,889700,0.0,0.0
2025-02-06 00:00:00-05:00,120.81989687952608,121.23958015075374,120.10740855531475,121.00534057617188,794600,0.0,0.0
2025-02-07 00:00:00-05:00,120.60758832188354,121.25575582903332,119.71391167446032,120.29332733154297,776200,0.765,0.0
2025-02-10 00:00:00-05:00,120.30315285300684,121.13790792530898,119.22288114222917,120.90221405029297,828700,0.0,0.0
2025-02-11 00:00:00-05:00,120.28351206181327,123.00383305704125,119.99871186860038,122.83688354492188,1230700,0.0,0.0
2025-02-12 00:00:00-05:00,121.44235806231325,123.07258470485657,120.76472971788839,122.77796173095703,1541100,0.0,0.0
2025-02-13 00:00:00-05:00,122.61101645163951,124.6340787911016,122.23783383201724,124.59479522705078,3304500,0.0,0.0
2025-02-14 00:00:00-05:00,124.72245209437376,125.17420180915012,122.79760255171111,123.40648651123047,1698800,0.0,0.0
2025-02-18 00:00:00-05:00,122.62083291074707,125.20366530054888,122.22800478301139,124.889404296875,1345700,0.0,0.0
2025-02-19 00:00:00-05:00,124.44747657333886,125.90093089670789,124.19213716798954,125.56703186035156,1805700,0.0,0.0
2025-02-20 00:00:00-05:00,127.66865338071656,129.44619146477848,124.33944832657913,126.36250305175781,1831500,0.0,0.0
2025-02-21 00:00:00-05:00,125.90094367356866,131.42016853030842,125.8714828723796,130.30059814453125,2116800,0.0,0.0
2025-02-24 00:00:00-05:00,130.46755520105646,132.7655874732276,128.22844452789266,131.19427490234375,1789000,0.0,0.0
2025-02-25 00:00:00-05:00,131.77368372420904,136.2420895657212,130.66395870218213,134.78863525390625,2203900,0.0,0.0
2025-02-26 00:00:00-05:00,134.0520871981175,135.37788306556416,131.59692076591756,132.63790893554688,1188400,0.0,0.0
2025-02-27 00:00:00-05:00,131.0371312423241,133.73781422738583,130.78179933657088,131.61656188964844,1179900,0.0,0.0
2025-02-28 00:00:00-05:00,133.61015281304165,135.09306786103653,132.14686830610793,133.53158569335938,2340000,0.0,0.0
2025-03-03 00:00:00-05:00,132.76557569272134,137.13576872471197,132.6771933020526,137.06703186035156,1192600,0.0,0.0
2025-03-04 00:00:00-05:00,137.16523152917085,139.55166100817667,136.21262578874274,136.7036590576172,2385800,0.0,0.0
2025-03-05 00:00:00-05:00,135.69213349105726,137.78394003897222,134.7984493336231,135.34841918945312,1468600,0.0,0.0
2025-03-06 00:00:00-05:00,135.790347452357,136.44833024936517,132.82450224519985,135.7019500732422,1441600,0.0,0.0
2025-03-07 00:00:00-05:00,136.32066504324652,143.37191116291635,136.12425471639318,142.79248046875,2702900,0.0,0.0
2025-03-10 00:00:00-04:00,143.5584965668963,149.34288355590164,143.1754911705004,146.6323699951172,3047400,0.0,0.0
2025-03-11 00:00:00-04:00,146.1216808491141,146.35738222458707,140.69085382319665,140.85780334472656,1772200,0.0,0.0
2025-03-12 00:00:00-04:00,138.84457161668587,140.17035244883306,136.42868134532696,138.33389282226562,1919300,0.0,0.0
2025-03-13 00:00:00-04:00,138.92316106510754,141.00513766021686,137.54825870302804,139.98377990722656,1598800,0.0,0.0
2025-03-14 00:00:00-04:00,139.56148354491873,142.1246779412973,139.17847817466202,141.7318572998047,1386800,0.0,0.0
2025-03-17 00:00:00-04:00,141.82023424942528,144.13791190956832,140.44533208671373,142.22288513183594,1645900,0.0,0.0
2025-03-18 00:00:00-04:00,142.17378981549467,143.0478285142962,140.87745467472067,142.15414428710938,1182200,0.0,0.0
2025-03-19 00:00:00-04:00,141.41757488058562,141.64344597795693,138.6677857053229,139.50254821777344,1548500,0.0,0.0
2025-03-20 00:00:00-04:00,139.95428924491918,140.25874244249155,138.2356728978611,139.266845703125,1387300,0.0,0.0
2025-03-21 00:00:00-04:00,139.28648832727927,141.17205413912885,137.46965937560466,138.5990447998047,2607200,0.0,0.0
2025-03-24 00:00:00-04:00,137.67590486872797,139.49271890047783,136.9098941984515,137.19468688964844,1093100,0.0,0.0
2025-03-25 00:00:00-04:00,137.09649460862929,137.96070297160114,134.4841940228335,136.6643829345703,1729400,0.0,0.0
2025-03-26 00:00:00-04:00,136.8313221683379,139.12935409667222,136.78221584813008,138.5990447998047,1329800,0.0,0.0
2025-03-27 00:00:00-04:00,139.21775622009514,141.614001128582,138.87404190019893,140.49444580078125,1346400,0.0,0.0
2025-03-28 00:00:00-04:00,141.987167241402,144.66820441822642,141.5943316755658,143.61740112304688,1596800,0.0,0.0
2025-03-31 00:00:00-04:00,144.78605331207498,147.3001560772586,144.22628321323052,144.87445068359375,1863700,0.0,0.0
2025-04-01 00:00:00-04:00,144.2066505434923,145.070873914353,143.22458398029474,144.36378479003906,1186400,0.0,0.0
2025-04-02 00:00:00-04:00,144.570025691218,144.8548184017298,142.8415789455578,143.5683135986328,982400,0.0,0.0
2025-04-03 00:00:00-04:00,146.2493421953818,151.2971634340575,146.0725774172683,149.23483276367188,2764800,0.0,0.0
2025-04-04 00:00:00-04:00,152.22030622254533,152.7113394684245,143.63703968992493,144.5896453857422,3275400,0.0,0.0
2025-04-07 00:00:00-04:00,142.45856820669908,144.89408900119818,139.42398623049274,139.80699157714844,3007700,0.0,0.0
2025-04-08 00:00:00-04:00,141.80058252855613,141.80058252855613,136.70365495305262,138.3437042236328,2723900,0.0,0.0
2025-04-09 00:00:00-04:00,137.02774198786454,142.71391559886015,134.94576573562506,136.5072479248047,2990700,0.0,0.0
2025-04-10 00:00:00-04:00,136.80187737119513,141.9970029775822,136.0064058402969,140.58282470703125,1984500,0.0,0.0
2025-04-11 00:00:00-04:00,140.67121221250812,144.15753633304408,139.51236593904642,143.4700927734375,1549000,0.0,0.0
2025-04-14 00:00:00-04:00,142.71393170354239,146.76004147603504,142.71393170354239,146.16098022460938,1091100,0.0,0.0
2025-04-15 00:00:00-04:00,146.97608500074236,146.97608500074236,144.0888069160371,144.24594116210938,1471300,0.0,0.0
2025-04-16 00:00:00-04:00,145.5520891660296,145.85652739722676,143.53884975260632,143.7745361328125,1124600,0.0,0.0
2025-04-17 00:00:00-04:00,143.94150928087765,146.868063563731,143.4111849232573,145.73867797851562,946100,0.0,0.0
2025-04-21 00:00:00-04:00,145.34586352318823,146.2984693680642,143.2147807008295,144.49147033691406,838200,0.0,0.0
2025-04-22 00:00:00-04:00,145.63063101457618,147.06445466183828,144.51107583224913,146.58323669433594,1071400,0.0,0.0
2025-04-23 00:00:00-04:00,145.01194920144863,145.1396076620209,141.9871824535938,144.53073120117188,1510800,0.0,0.0
2025-04-24 00:00:00-04:00,144.70750973692336,144.70750973692336,142.5862424276645,143.42098999023438,1209500,0.0,0.0
2025-04-25 00:00:00-04:00,142.3014526155882,142.7139337984884,139.36508290143937,141.3881378173828,1342100,0.0,0.0
2025-04-28 00:00:00-04:00,141.19170600397604,142.55677785023556,139.75788230930948,141.6827392578125,1409000,0.0,0.0
2025-04-29 00:00:00-04:00,141.66308929174258,143.69597409177976,141.181871323413,143.2442169189453,1205500,0.0,0.0
2025-04-30 00:00:00-04:00,144.35396564997396,144.82535339183326,141.67291321499877,144.37359619140625,1421200,0.0,0.0
2025-05-01 00:00:00-04:00,142.39965285028734,144.91374087539998,141.8104069133999,143.8040008544922,1255500,0.0,0.0
2025-05-02 00:00:00-04:00,144.7959007903319,145.03158718202891,142.78266127875386,144.47181701660156,1115900,0.0,0.0
2025-05-05 00:00:00-04:00,145.17891053572097,145.89581497397546,143.25405336304007,145.4931640625,841800,0.0,0.0
2025-05-06 00:00:00-04:00,145.66992942839764,147.81082725968852,145.49314966164974,146.52432250976562,1124200,0.0,0.0
2025-05-07 00:00:00-04:00,146.38682892547178,147.5947665150021,145.39494716303085,145.42440795898438,1041100,0.0,0.0
2025-05-08 00:00:00-04:00,145.04142141889082,145.66994345590993,142.52733327081432,142.79248046875,1182400,0.0,0.0
2025-05-09 00:00:00-04:00,142.8022947855073,144.44234405864495,141.8791498686781,144.3048553466797,724600,0.0,0.0
2025-05-12 00:00:00-04:00,141.4175789307203,142.88086344069765,135.3876910951635,136.15370178222656,2412400,0.0,0.0
2025-05-13 00:00:00-04:00,135.8454704972035,136.398729637745,131.68612254926407,132.22950744628906,2330800,0.828,0.0
2025-05-14 00:00:00-04:00,132.51601466347876,132.73336860314458,130.06584572091458,132.20974731445312,1994400,0.0,0.0
2025-05-15 00:00:00-04:00,133.67193859309378,138.78960043530992,133.16806577317655,138.68092346191406,2529200,0.0,0.0
2025-05-16 00:00:00-04:00,138.89827776661912,141.5954385473448,138.66117533327542,140.84457397460938,1495100,0.0,0.0
2025-05-19 00:00:00-04:00,140.5086671593797,142.04001901584246,140.19251048506328,141.98074340820312,956600,0.0,0.0
2025-05-20 00:00:00-04:00,141.47686673292566,142.55374710947248,140.4691362050114,142.08941650390625,1119100,0.0,0.0
2025-05-21 00:00:00-04:00,142.0005012864386,142.90942917244848,141.03229778886868,141.75350952148438,1699300,0.0,0.0
2025-05-22 00:00:00-04:00,141.27928348128853,141.7930305513619,138.97731852183753,140.14312744140625,1163400,0.0,0.0
2025-05-23 00:00:00-04:00,141.67446304407824,142.17833586672506,139.69852902630765,141.88194274902344,740300,0.0,0.0
2025-05-27 00:00:00-04:00,141.90171181927565,142.4253331482989,141.04217023705309,141.4176025390625,1093000,0.0,0.0
2025-05-28 00:00:00-04:00,140.73590122449622,141.24964830412566,138.740203591274,139.17491149902344,920000,0.0,0.0
2025-05-29 00:00:00-04:00,138.31537527362383,140.2814349635064,138.01898216871587,139.8368377685547,1097000,0.0,0.0
2025-05-30 00:00:00-04:00,140.51854801049794,141.95109720481105,139.12552593992322,141.24964904785156,3771600,0.0,0.0
2025-06-02 00:00:00-04:00,140.1233713572482,141.4373693694649,139.22431770543977,140.70626831054688,791400,0.0,0.0
2025-06-03 00:00:00-04:00,140.52843216374168,140.52843216374168,138.43393186283183,140.1529998779297,1097100,0.0,0.0
2025-06-04 00:00:00-04:00,140.05420402718588,140.05420402718588,137.13970423543566,137.16934204101562,1436400,0.0,0.0
2025-06-05 00:00:00-04:00,137.51512962109047,138.73032481427342,136.86306778077565,138.33514404296875,793600,0.0,0.0
2025-06-06 00:00:00-04:00,138.48334309506035,139.73806550137314,137.73249354511836,138.3647918701172,719100,0.0,0.0
2025-06-09 00:00:00-04:00,137.71272593779108,138.6018902491114,135.7466660892023,138.12767028808594,894900,0.0,0.0
2025-06-10 00:00:00-04:00,138.1375648794094,140.45927848100214,137.73249475704776,139.5701141357422,924200,0.0,0.0
2025-06-11 00:00:00-04:00,139.63925675662554,140.38023203100647,138.50310069931365,138.9180450439453,826900,0.0,0.0
2025-06-12 00:00:00-04:00,139.91588488250105,140.01468761480916,138.48333571511577,139.6195068359375,709600,0.0,0.0
2025-06-13 00:00:00-04:00,140.51853965098815,141.43735678348665,139.44165925848134,139.73805236816406,741200,0.0,0.0
2025-06-16 00:00:00-04:00,140.35058801522382,141.13109037846723,137.99922175785034,138.77972412109375,1126000,0.0,0.0
2025-06-17 00:00:00-04:00,138.779722075852,139.43178389688572,136.71487471775814,139.22430419921875,1196400,0.0,0.0
2025-06-18 00:00:00-04:00,139.3132169013767,139.9554044764716,138.16718667422845,139.4021453857422,976200,0.0,0.0
2025-06-20 00:00:00-04:00,139.293472752191,140.53830574508262,138.39441916417925,139.5503387451172,2415900,0.0,0.0
2025-06-23 00:00:00-04:00,140.32096314433085,142.35617291678196,140.29132533795,142.25738525390625,861600,0.0,0.0
2025-06-24 00:00:00-04:00,141.17059462609362,141.7337430146786,140.11347784558328,140.46913146972656,990800,0.0,0.0
2025-06-25 00:00:00-04:00,139.50094797630564,140.01469507636133,137.60405300130915,138.3647918701172,1077900,0.0,0.0
2025-06-26 00:00:00-04:00,138.87853269159876,139.224312107111,136.2307732111819,136.75439453125,929900,0.0,0.0
2025-06-27 00:00:00-04:00,136.05295710231096,137.14960119541223,135.1045020453659,136.2604217529297,1564800,0.0,0.0
2025-06-30 00:00:00-04:00,136.37896421748908,137.51513536400404,135.77630371721406,137.43609619140625,1298100,0.0,0.0
2025-07-01 00:00:00-04:00,137.69295681318818,141.45710869432077,137.38668945333248,140.84457397460938,1397700,0.0,0.0
2025-07-02 00:00:00-04:00,140.3209629056523,140.7754343946876,138.40430436198469,138.6216583251953,1205700,0.0,0.0
2025-07-03 00:00:00-04:00,138.77973623259945,139.60962495756394,137.92020970139916,138.3647918701172,683800,0.0,0.0
2025-07-07 00:00:00-04:00,138.3252499357791,138.79948493514206,137.23849531472638,138.27586364746094,888300,0.0,0.0
2025-07-08 00:00:00-04:00,136.94211586583182,139.49107270968574,135.35148828372388,139.3231201171875,1381900,0.0,0.0
2025-07-09 00:00:00-04:00,139.12551607203326,140.49878955851597,138.22646251051114,140.09371948242188,1413300,0.0,0.0
2025-07-10 00:00:00-04:00,138.5821305753374,141.93133798787903,138.49320209123945,140.96311950683594,922200,0.0,0.0
2025-07-11 00:00:00-04:00,139.97515934252047,141.29904659874933,139.0464830122791,140.57781982421875,948500,0.0,0.0
2025-07-14 00:00:00-04:00,140.84457391735918,142.61304329962283,140.67662133541563,141.6250762939453,998600,0.0,0.0
2025-07-15 00:00:00-04:00,140.9433880700712,141.31880531153,139.01685526790956,139.13540649414062,957900,0.0,0.0
2025-07-16 00:00:00-04:00,139.03660138856762,140.3604887180629,138.0683978820732,140.0146942138672,941900,0.0,0.0
2025-07-17 00:00:00-04:00,139.5207017926639,141.0125265446519,138.33514440050564,140.49879455566406,1195000,0.0,0.0
2025-07-18 00:00:00-04:00,140.75566075703807,142.92918515838622,140.2913150575234,141.19036865234375,1934400,0.0,0.0
2025-07-21 00:00:00-04:00,141.45710571848065,142.5834025538898,140.8544603296232,141.12120056152344,753100,0.0,0.0
2025-07-22 00:00:00-04:00,140.9828917786117,144.5296897885235,140.38023128896032,143.1663055419922,1137200,0.0,0.0
2025-07-23 00:00:00-04:00,142.6229139002219,143.00822041958872,138.7204473424953,140.17276000976562,1173300,0.0,0.0
2025-07-24 00:00:00-04:00,140.21228153945896,140.37035988506545,138.76985809254677,138.81924438476562,1188000,0.0,0.0
2025-07-25 00:00:00-04:00,138.5031054777927,139.36263200167124,137.99923262571406,138.6315460205078,893900,0.0,0.0
2025-07-28 00:00:00-04:00,137.870797473074,138.84887515217812,136.19125659288488,137.04090881347656,1065800,0.0,0.0
2025-07-29 00:00:00-04:00,136.95198700169124,139.3033533936706,136.25053884159738,139.2539520263672,1138000,0.0,0.0
2025-07-30 00:00:00-04:00,138.0881555277121,139.47130333486768,137.5151328432675,137.96958923339844,1109000,0.0,0.0
2025-07-31 00:00:00-04:00,136.833437387013,139.38239420295523,135.84547033006706,138.55250549316406,2078200,0.0,0.0
2025-08-01 00:00:00-04:00,140.76553422089864,144.64825237776924,139.0168434815257,143.966552734375,2693100,0.0,0.0
2025-08-04 00:00:00-04:00,143.96654365990995,145.87331261745572,143.77882752933724,145.23114013671875,1304000,0.0,0.0
2025-08-05 00:00:00-04:00,140.4197568078081,141.00265372920347,139.0267196972081,139.79733276367188,6160000,0.0,0.0
2025-08-06 00:00:00-04:00,140.29132125346794,141.66459485146297,139.7676999224096,140.20240783691406,2087800,0.0,0.0
2025-08-07 00:00:00-04:00,139.45153368446128,142.958819490759,139.45153368446128,142.68218994140625,1771100,0.0,0.0
2025-08-08 00:00:00-04:00,143.08726430921453,143.88751517775708,142.83039831288613,143.6108856201172,1986700,0.0,0.0
2025-08-11 00:00:00-04:00,144.0554652349884,144.4407717603149,142.95882126672373,143.79859924316406,1093700,0.0,0.0
2025-08-12 00:00:00-04:00,143.3395479465741,144.07483185692453,139.78238820963145,141.1833953857422,1657600,0.828,0.0
2025-08-13 00:00:00-04:00,141.17346112698377,142.85268051670528,140.86544150618147,142.81292724609375,1174200,0.0,0.0
2025-08-14 00:00:00-04:00,142.88249086707032,143.31968588432696,141.86899470537819,142.49497985839844,1085300,0.0,0.0
2025-08-15 00:00:00-04:00,142.02798132646035,144.0549585434766,141.97829731652592,143.00172424316406,923800,0.0,0.0
2025-08-18 00:00:00-04:00,143.39916780238175,143.87610089817332,141.71994848847737,141.749755859375,900100,0.0,0.0
2025-08-19 00:00:00-04:00,142.00809591589464,144.3530385224584,142.00809591589464,144.2834930419922,1562500,0.0,0.0
2025-08-20 00:00:00-04:00,145.13801311338182,146.92651615165414,144.43253657075994,144.6908721923828,1107400,0.0,0.0
2025-08-21 00:00:00-04:00,144.38284553147878,145.28704290527915,144.32323078796318,144.93927001953125,849100,0.0,0.0
2025-08-22 00:00:00-04:00,145.515571009737,146.8967014918316,144.19405527110357,145.2671661376953,963900,0.0,0.0
2025-08-25 00:00:00-04:00,144.61137860305493,145.3565932447724,143.15077185380488,143.47865295410156,854900,0.0,0.0
2025-08-26 00:00:00-04:00,143.44884303077316,143.70719380529061,142.13727316861454,143.03152465820312,1764600,0.0,0.0
2025-08-27 00:00:00-04:00,142.92221867343304,144.03508277206532,142.2465647219685,143.826416015625,1208800,0.0,0.0
2025-08-28 00:00:00-04:00,143.2799215758622,143.4389043265145,141.94847515236592,142.0180206298828,947800,0.0,0.0
2025-08-29 00:00:00-04:00,142.16708072393283,143.61775671214974,142.02797459956366,142.59432983398438,941300,0.0,0.0
2025-09-02 00:00:00-04:00,142.07765682506107,142.82287144514086,140.09041783818162,140.5077362060547,1018800,0.0,0.0
2025-09-03 00:00:00-04:00,139.941367476813,140.4679846016666,138.91794059934813,139.80226135253906,1054800,0.0,0.0
2025-09-04 00:00:00-04:00,141.07408999476598,141.5410923648348,139.8420115387802,140.66671752929688,1128400,0.0,0.0
2025-09-05 00:00:00-04:00,141.0840336475575,142.6837615966797,140.67664602714189,142.6837615966797,782200,0.0,0.0
2025-09-08 00:00:00-04:00,141.73981106426282,142.31611217515015,138.13298270472092,139.12660217285156,1331800,0.0,0.0
2025-09-09 00:00:00-04:00,138.63972724075774,139.70290738032006,137.84482861065803,139.19615173339844,725500,0.0,0.0
2025-09-10 00:00:00-04:00,139.31539852774975,139.58366487991225,136.652490350132,137.61630249023438,990000,0.0,0.0
2025-09-11 00:00:00-04:00,137.86469998990253,138.86825018576837,136.79158915439334,138.7390899658203,926600,0.0,0.0
2025-09-12 00:00:00-04:00,137.61630488393,138.99743542396132,137.32816189130367,138.39132690429688,994600,0.0,0.0
2025-09-15 00:00:00-04:00,138.41120578707543,138.75896353130923,136.36435194818893,136.70217895507812,1084100,0.0,0.0
2025-09-16 00:00:00-04:00,136.52331740607704,137.41758408025422,135.3111003661306,135.3806610107422,1056000,0.0,0.0
2025-09-17 00:00:00-04:00,135.96689434320345,137.05988190280758,135.0130280743044,135.2216796875,1024100,0.0,0.0
2025-09-18 00:00:00-04:00,133.27418324210603,134.92358002575017,132.4494772695691,134.52613830566406,1197400,0.0,0.0
2025-09-19 00:00:00-04:00,134.14855818208605,134.7944199296078,133.52258823044562,134.1982421875,2660200,0.0,0.0
2025-09-22 00:00:00-04:00,134.20820061091598,135.37073367123708,133.9299731869172,134.18832397460938,1021500,0.0,0.0
2025-09-23 00:00:00-04:00,134.0293359954621,136.47364667746882,133.0059091062194,136.30471801757812,1251500,0.0,0.0
2025-09-24 00:00:00-04:00,135.5495730710673,136.22524222847187,134.41684742495818,135.53964233398438,1700500,0.0,0.0
2025-09-25 00:00:00-04:00,136.7816702011248,137.24867260018135,134.16844594616114,134.23800659179688,1433300,0.0,0.0
2025-09-26 00:00:00-04:00,134.41684880502882,135.64894248033974,134.34730332187308,135.48995971679688,911100,0.0,0.0
2025-09-29 00:00:00-04:00,135.29122882581194,136.4040777653524,134.17836472484177,136.1656036376953,1200400,0.0,0.0
2025-09-30 00:00:00-04:00,136.5332537147137,138.53042337233074,136.25504147867042,138.30189514160156,1428800,0.0,0.0
2025-10-01 00:00:00-04:00,138.51055233956964,138.72914984264844,135.16205947370975,135.20181274414062,1250200,0.0,0.0
2025-10-02 00:00:00-04:00,134.62551591802148,136.24510544624133,134.15851352482687,134.72486877441406,1114600,0.0,0.0
2025-10-03 00:00:00-04:00,134.70501039681548,137.33809615393082,134.70501039681548,136.87109375,967200,0.0,0.0
2025-10-06 00:00:00-04:00,136.87108767027487,138.10318132230012,135.79797677878778,138.05349731445312,1555500,0.0,0.0
2025-10-07 00:00:00-04:00,138.49068931507045,142.05777964406758,138.2323385444536,141.6007080078125,1815600,0.0,0.0
2025-10-08 00:00:00-04:00,142.59432959602924,142.59432959602924,139.30545146280846,140.13015747070312,952600,0.0,0.0
2025-10-09 00:00:00-04:00,140.54748142576392,140.8455703211637,139.30545699612404,140.15003967285156,988700,0.0,0.0
2025-10-10 00:00:00-04:00,140.8455707089297,143.12095279926473,139.24584263269202,142.06771850585938,1513000,0.0,0.0
2025-10-13 00:00:00-04:00,140.10034377352255,141.0840324964301,138.32177161224948,138.7390899658203,1321900,0.0,0.0
2025-10-14 00:00:00-04:00,139.06698675440703,142.61420035444223,138.60991513026022,140.65676879882812,1629400,0.0,0.0
2025-10-15 00:00:00-04:00,140.58723257116245,142.1968913559675,140.12023017976801,141.62059020996094,1007500,0.0,0.0
2025-10-16 00:00:00-04:00,141.3224914036317,143.3693450632743,141.3224914036317,142.29624938964844,845500,0.0,0.0
2025-10-17 00:00:00-04:00,142.6142132750943,143.89599098927846,141.9087518826386,142.89242553710938,1306500,0.0,0.0
2025-10-20 00:00:00-04:00,143.07127586489702,144.68093458750832,142.1074637464018,144.5020751953125,1107200,0.0,0.0
2025-10-21 00:00:00-04:00,144.52195106327406,144.7107411912559,141.888865492554,143.2401885986328,1096200,0.0,0.0
2025-10-22 00:00:00-04:00,142.41548550856118,144.49214663581526,141.93855239123596,142.81292724609375,828400,0.0,0.0
2025-10-23 00:00:00-04:00,143.31968486730088,143.9556007529532,140.74619879060782,141.67027282714844,746400,0.0,0.0
2025-10-24 00:00:00-04:00,142.57447066119954,142.57447066119954,140.60709309152944,140.68658447265625,966500,0.0,0.0
2025-10-27 00:00:00-04:00,138.1429156981778,139.60353755310692,134.53607211827975,137.10955810546875,3438800,0.0,0.0
2025-10-28 00:00:00-04:00,137.02012502224838,138.699344428039,133.45303460296643,133.94984436035156,2031400,0.0,0.0
2025-10-29 00:00:00-04:00,133.0059054059718,133.6020831639527,129.13079546338633,129.2301483154297,2210700,0.0,0.0
2025-10-30 00:00:00-04:00,129.29970903708218,130.21383714816926,125.64318143130369,125.89158630371094,2298800,0.0,0.0
2025-10-31 00:00:00-04:00,124.967518427538,127.92850780784784,123.10945485511269,127.61054229736328,2811600,0.0,0.0
2025-11-03 00:00:00-05:00,127.4615108013983,127.60061692772877,124.68931143115796,125.16625213623047,1907400,0.0,0.0
2025-11-04 00:00:00-05:00,126.58712530473542,128.8327074882636,125.98101680572687,127.26278686523438,2796500,0.0,0.0
2025-11-05 00:00:00-05:00,129.19041809776238,131.73408171917657,128.57436366717252,130.1343536376953,2952400,0.0,0.0
2025-11-06 00:00:00-05:00,130.33306400834056,131.59496497993564,128.4849311884234,128.67372131347656,1415600,0.0,0.0
2025-11-07 00:00:00-05:00,129.35932611415492,130.75038736015694,128.88239299573002,130.0051727294922,1446400,0.0,0.0
2025-11-10 00:00:00-05:00,128.8823855332398,129.52823211118155,126.79577862362409,128.11729431152344,1777600,0.0,0.0
2025-11-11 00:00:00-05:00,128.56442646008418,129.9554876950959,128.1272314543861,129.1804656982422,1419700,0.0,0.0
2025-11-12 00:00:00-05:00,129.13079146567037,129.52823318439994,128.18684085118565,128.94200134277344,1512100,0.0,0.0
2025-11-13 00:00:00-05:00,128.61000061035156,132.22000122070312,128.0,131.4600067138672,2193900,0.828,0.0
2025-11-14 00:00:00-05:00,132.64999389648438,133.97999572753906,130.74000549316406,131.6199951171875,2019000,0.0,0.0
2025-11-17 00:00:00-05:00,132.30999755859375,133.25999450683594,131.4600067138672,132.67999267578125,2082200,0.0,0.0
2025-11-18 00:00:00-05:00,132.89999389648438,133.30999755859375,129.50999450683594,129.91000366210938,1784100,0.0,0.0
2025-11-19 00:00:00-05:00,129.6999969482422,130.24000549316406,126.73999786376953,127.12000274658203,1955500,0.0,0.0
2025-11-20 00:00:00-05:00,127.30999755859375,128.32000732421875,125.91000366210938,128.1300048828125,2059300,0.0,0.0
2025-11-21 00:00:00-05:00,129.05999755859375,133.97999572753906,127.94000244140625,132.74000549316406,3643400,0.0,0.0
2025-11-24 00:00:00-05:00,132.74000549316406,132.85000610351562,131.00999450683594,131.50999450683594,5459700,0.0,0.0
2025-11-25 00:00:00-05:00,132.64999389648438,133.0,130.25,130.38999938964844,1493600,0.0,0.0
2025-11-26 00:00:00-05:00,131.0,131.69000244140625,129.8300018310547,129.85000610351562,1515800,0.0,0.0
2025-11-28 00:00:00-05:00,129.17999267578125,130.6699981689453,128.5,130.07000732421875,845000,0.0,0.0
2025-12-01 00:00:00-05:00,129.7899932861328,131.97999572753906,129.0399932861328,131.0,3293500,0.0,0.0
2025-12-02 00:00:00-05:00,131.72999572753906,133.3699951171875,129.47999572753906,130.75,2735200,0.0,0.0
2025-12-03 00:00:00-05:00,131.22000122070312,132.4499969482422,129.6300048828125,130.97000122070312,2182900,0.0,0.0
2025-12-04 00:00:00-05:00,130.86000061035156,131.5500030517578,128.0,128.92999267578125,2613100,0.0,0.0
2025-12-05 00:00:00-05:00,128.3800048828125,130.27999877929688,128.07000732421875,129.5,1942700,0.0,0.0
2025-12-08 00:00:00-05:00,129.1300048828125,130.0,127.63999938964844,128.4600067138672,2257300,0.0,0.0
2025-12-09 00:00:00-05:00,128.92999267578125,130.11000061035156,127.87999725341797,128.14999389648438,2182500,0.0,0.0
2025-12-10 00:00:00-05:00,128.14999389648438,129.1699981689453,127.51000213623047,128.72000122070312,2798700,0.0,0.0
2025-12-11 00:00:00-05:00,129.63999938964844,132.1999969482422,129.0,130.08999633789062,2064900,0.0,0.0
2025-12-12 00:00:00-05:00,130.52999877929688,132.1999969482422,130.4199981689453,131.5500030517578,1946500,0.0,0.0
2025-12-15 00:00:00-05:00,132.05999755859375,134.41000366210938,131.5,134.1300048828125,2187800,0.0,0.0
2025-12-16 00:00:00-05:00,134.67999267578125,135.52999877929688,131.9499969482422,132.72000122070312,2641700,0.0,0.0
2025-12-17 00:00:00-05:00,132.1999969482422,134.2100067138672,131.5800018310547,134.00999450683594,1796500,0.0,0.0
2025-12-18 00:00:00-05:00,132.75999450683594,134.63999938964844,132.5500030517578,133.02000427246094,1766100,0.0,0.0
2025-12-19 00:00:00-05:00,132.67999267578125,132.67999267578125,130.22000122070312,130.25,2985200,0.0,0.0
2025-12-22 00:00:00-05:00,129.8000030517578,132.19000244140625,129.08999633789062,131.6699981689453,1038500,0.0,0.0
2025-12-23 00:00:00-05:00,131.5500030517578,131.72999572753906,130.4600067138672,130.75,869100,0.0,0.0
2025-12-24 00:00:00-05:00,130.66000366210938,131.39999389648438,130.6199951171875,131.27999877929688,368600,0.0,0.0
2025-12-26 00:00:00-05:00,131.3300018310547,131.52000427246094,130.22999572753906,130.5500030517578,563400,0.0,0.0
2025-12-29 00:00:00-05:00,130.8800048828125,131.52000427246094,129.55999755859375,130.9499969482422,732200,0.0,0.0
2025-12-30 00:00:00-05:00,130.94000244140625,131.83999633789062,130.6999969482422,131.1300048828125,789400,0.0,0.0
2025-12-31 00:00:00-05:00,130.9199981689453,131.3800048828125,130.36000061035156,130.5,658900,0.0,0.0
2026-01-02 00:00:00-05:00,130.22999572753906,131.36000061035156,129.1300048828125,130.32000732421875,864700,0.0,0.0
2026-01-05 00:00:00-05:00,129.5800018310547,130.10000610351562,125.55999755859375,127.4000015258789,2391600,0.0,0.0
2026-01-06 00:00:00-05:00,127.18000030517578,129.92999267578125,126.8499984741211,128.97000122070312,1662300,0.0,0.0
2026-01-07 00:00:00-05:00,129.55999755859375,130.5399932861328,127.16999816894531,127.2699966430664,1419000,0.0,0.0
2026-01-08 00:00:00-05:00,126.72000122070312,129.92999267578125,126.72000122070312,129.27000427246094,1742600,0.0,0.0
